Cluster_GMM,mean,std
0,-0.6041208770580987,1.2485231382636996
1,-6.6116031757174225,4.755771310831716
2,-1.6489553524714269,1.409244513565405
3,-7.135539009421111,4.200584529099821
